# SQL Server SQL_Latin1_General_CP1256_CI_AS (nvarchar) character weights, measured on SQL Server 2022
# by ORDER BY / = probes (scratchpad weights.py). codepoint(hex) <TAB> primary <TAB> letter-secondary
# Characters not listed: ignorable / special / nonspacing per LegacyCollation, else code-point fallback.
0020	0	0
0021	1	0
0022	2	0
0023	3	0
0024	4	0
0025	5	0
0026	6	0
0028	7	0
0029	8	0
002A	9	0
002B	37	0
002C	10	0
002E	11	0
002F	12	0
0030	58	0
0031	63	0
0032	65	0
0033	67	0
0034	69	0
0035	71	0
0036	73	0
0037	75	0
0038	77	0
0039	79	0
003A	13	0
003B	14	0
003C	38	0
003D	39	0
003E	40	0
003F	15	0
0040	16	0
0041	81	0
0042	82	0
0043	83	0
0044	84	0
0045	85	0
0046	86	0
0047	87	0
0048	88	0
0049	89	0
004A	90	0
004B	91	0
004C	92	0
004D	93	0
004E	94	0
004F	95	0
0050	96	0
0051	97	0
0052	98	0
0053	99	0
0054	100	0
0055	101	0
0056	102	0
0057	103	0
0058	104	0
0059	105	0
005A	106	0
005B	17	0
005C	18	0
005D	19	0
005E	20	0
005F	21	0
0060	22	0
0061	81	0
0062	82	0
0063	83	0
0064	84	0
0065	85	0
0066	86	0
0067	87	0
0068	88	0
0069	89	0
006A	90	0
006B	91	0
006C	92	0
006D	93	0
006E	94	0
006F	95	0
0070	96	0
0071	97	0
0072	98	0
0073	99	0
0074	100	0
0075	101	0
0076	102	0
0077	103	0
0078	104	0
0079	105	0
007A	106	0
007B	23	0
007C	24	0
007D	25	0
007E	26	0
00A0	0	1
00A1	27	0
00A2	46	0
00A3	47	0
00A4	48	0
00A5	49	0
00A6	28	0
00A7	50	0
00A8	29	0
00A9	51	0
00AA	81	1
00AB	42	0
00AC	52	0
00AE	53	0
00AF	30	0
00B0	54	0
00B1	41	0
00B2	65	0
00B3	67	0
00B4	31	0
00B5	55	0
00B6	56	0
00B7	57	0
00B8	32	0
00B9	63	0
00BA	95	1
00BB	43	0
00BC	60	0
00BD	61	0
00BE	62	0
00BF	33	0
00C0	81	3
00C1	81	2
00C2	81	4
00C3	81	6
00C4	81	5
00C5	81	7
00C6	81	8
00C7	83	1
00C8	85	2
00C9	85	1
00CA	85	3
00CB	85	4
00CC	89	2
00CD	89	1
00CE	89	3
00CF	89	4
00D0	84	1
00D1	94	1
00D2	95	3
00D3	95	2
00D4	95	4
00D5	95	6
00D6	95	5
00D7	44	0
00D8	95	7
00D9	101	2
00DA	101	1
00DB	101	3
00DC	101	4
00DD	105	1
00DE	100	1
00DF	99	1
00E0	81	3
00E1	81	2
00E2	81	4
00E3	81	6
00E4	81	5
00E5	81	7
00E6	81	8
00E7	83	1
00E8	85	2
00E9	85	1
00EA	85	3
00EB	85	4
00EC	89	2
00ED	89	1
00EE	89	3
00EF	89	4
00F0	84	1
00F1	94	1
00F2	95	3
00F3	95	2
00F4	95	4
00F5	95	6
00F6	95	5
00F7	45	0
00F8	95	7
00F9	101	2
00FA	101	1
00FB	101	3
00FC	101	4
00FD	105	1
00FE	100	1
00FF	105	2
0621	107	0
0622	107	1
0623	107	2
0624	107	3
0625	107	4
0626	107	5
0627	108	0
0628	109	0
0629	110	0
062A	110	0
062B	111	0
062C	112	0
062D	113	0
062E	114	0
062F	115	0
0630	116	0
0631	117	0
0632	118	0
0633	119	0
0634	120	0
0635	121	0
0636	122	0
0637	123	0
0638	124	0
0639	125	0
063A	126	0
0641	127	0
0642	128	0
0643	129	0
0644	130	0
0645	131	0
0646	132	0
0647	133	0
0648	134	0
0649	135	0
064A	135	1
0651	137	0
0660	59	0
0661	64	0
0662	66	0
0663	68	0
0664	70	0
0665	72	0
0666	74	0
0667	76	0
0668	78	0
0669	80	0
066A	34	0
066B	35	0
066C	36	0
0670	136	0
